15,Jamal,Anthony
16,Lester,Cooke
17,Sawyer,Morin
18,Dillon,Mcknight
19,Hop,Nunez
20,Wyatt,Green
21,Elmo,Terrell
24,Hyatt,Abbott
28,Zahir,Roberts
29,Michael,Ramos
39,Myles,Reese
40,Kato,Hopper
44,Richard,Albert
48,Brady,Navarro
50,Micah,Schneider
51,Steel,Huffman
21,Amos,Boone
24,Harper,Marshall
28,Kasper,Dalton
29,George,Bradley
39,Nehru,Salinas
40,Giacomo,Cervantes
44,Logan,Leach
48,Dillon,Figueroa
50,Jasper,Hogan
50,Avram,Moses
51,Jonah,Booker
39,Keaton,Church
40,Tarik,Holland
44,Lucian,Vinson
48,Evan,Rose
50,Ralph,Raymond
60,Christian,Walters
61,Chancellor,Barnett
64,Tyrone,Combs
86,Jakeem,Carrillo
90,Joel,Burt
92,Allen,Stanley
96,Dean,Bird
116,Dean,Mckee
120,Hall,Dickson
124,Chaney,Mason
132,Garrison,Mcconnell
136,Bernard,Sims
140,Burton,Mccray
142,Andrew,Black
104,Brian,Kane
108,Upton,Olson
112,Brenden,Mcleod
116,Richard,Schneider
120,Nathaniel,Hebert
124,Reese,Macdonald
12,Addison,Rush
13,Emery,Jenkins
14,Castor,Pennington
15,Porter,Gilliam
16,Mannix,Chambers
17,Bevis,Melendez
18,Jonah,Schultz
19,Darius,Gay
20,Basil,Golden
21,Hayes,Dejesus
24,Benjamin,Banks
28,Wallace,Foster
29,Leonard,Walters
166,James,Hull
170,Stewart,Moss
174,Abraham,Clemons
175,Carter,Brady
178,Nissim,Leon
152,Charles,Mullen
154,Ferdinand,Valenzuela
155,Lucian,Bailey
156,Barrett,Shaw
158,Lawrence,Padilla
162,Kieran,Atkins
166,Nero,Slater
204,Yuli,Nieves
208,Keaton,Floyd
212,Kasper,Rodgers
214,Yoshio,Crosby
178,Evan,Guthrie
196,Callum,Hensley
203,Dorian,Cardenas
204,Rashad,Langley
208,Keith,Bridges
212,Connor,Cherry
214,Dante,Olson
218,Griffin,Wynn
232,Zahir,Simmons
233,Ciaran,Bennett
234,Prescott,Randolph
238,Sebastian,Shelton
239,Oliver,Maddox
233,Dolan,Carrillo
234,Price,Flynn
238,Kareem,Scott
239,Hilel,Jacobs
242,Beck,Small
246,Hedley,Curtis
288,Adam,Lambert
292,Jakeem,Dominguez
296,Leonard,Sutton
300,Ferris,Everett
304,Harrison,Deleon
239,George,Snyder
242,Tiger,Petersen
246,Byron,David
248,Samson,Wright
250,Carson,Ayala
254,Alfonso,Pitts
258,Kibo,Wilder
260,Kasper,Dalton
262,Gannon,Duran
266,Dalton,White
208,Aidan,Haynes
212,Rashad,Mclaughlin
214,Camden,Bowman
218,Hunter,Buckner
222,Clark,Williams
226,Jack,Bender
231,Gabriel,Molina
232,Levi,Moon
233,Thor,Britt
234,Jack,Puckett
238,Honorato,Knox
239,Jelani,Harding
242,Ryan,Stevenson
246,Lev,Peck
248,Kermit,Fuentes
250,Wade,Maxwell
368,Kato,Wilkins
372,Alan,Ayala
376,Jerome,Albert
380,Burke,Hull
384,Hyatt,Holden
388,Honorato,Chambers
360,Logan,Blackburn
364,Fitzgerald,Mckay
368,Lucas,Dawson
372,Rashad,Cross
376,Kermit,Sandoval
380,Alfonso,Rollins
384,Kibo,Hoffman
438,Lamar,Castaneda
440,Donovan,Hayes
442,Barclay,Osborne
446,Lyle,Nieves
450,Mason,Boone
454,Caldwell,Reilly
496,Owen,Booker
498,Sawyer,Sandoval
499,Hasad,Espinoza
500,Cole,Sparks
504,Conan,Frederick
508,Zephania,Wong
512,Fritz,Bruce
591,Keefe,Snider
598,Graham,Sullivan
600,Elvis,Moreno
604,Fletcher,Short
608,Herman,Wells
612,Holmes,Copeland
616,Martin,Martin
620,Charles,Justice
624,Brody,Gregory
702,Daquan,Kelly
703,Dieter,Velez
704,Lester,Cohen
705,Scott,Gordon
706,Brady,Figueroa
710,Zeph,Booker
716,Lamar,Huber
724,Ivor,Sparks
728,Silas,Lynn
729,Branden,Ball
732,Davis,Blair
740,Benjamin,Rowe
744,Ferris,Justice
748,Rooney,Mclean
752,Alexander,Mckenzie
756,Abbot,Bennett
760,Lee,Erickson
762,Tyler,Lawson
764,Channing,Brown
768,Ezekiel,Reynolds
772,Keegan,Sweet
776,Solomon,White
780,Hop,Frank
470,Nick,Cage
784,Dane,Horn
788,Wylie,Case
792,Noble,Mcmahon
795,Harlan,Allen
796,Davis,Roberson
798,William,Mcclain
800,Addison,Hodge
804,Travis,Stewart
807,Denton,Byrd
818,Arthur,Chen
826,Aidan,Johnson
831,Donovan,Lott
466,Dennis,Hancock
470,Akeem,Whitehead
474,Ralph,Monroe
478,Jerome,Chan
480,Fritz,Adkins
484,Alec,Harrington
492,Boris,Richards
496,Hyatt,Flores
498,Damian,Lott
499,Ross,Cohen
500,Harlan,Keller
504,Elton,Hoffman
508,Acton,Copeland
512,Porter,Mclean
516,Nehru,Acosta
520,Wallace,Wagner
524,Aquila,Levine
528,Quentin,Mcgee
531,Orlando,Mercer
533,Abraham,Sloan
534,Barry,Dickson
535,Jack,Dejesus
540,Jerome,Goodwin
548,Cameron,Tyson
729,Fitzgerald,Cain
732,Galvin,Barr
740,Damian,Terry
744,Zane,King
748,Quentin,Flynn
752,Micah,Fitzpatrick
756,Jared,Richard
740,Ethan,Dennis
744,Ryder,Velasquez
748,Duncan,Flynn
752,Brady,Parrish
756,Nehru,Hines
760,Nissim,Green
762,Theodore,Leach
764,Brady,Russo
768,Coby,Guy
772,Carson,Berg
740,Barrett,Rosa
744,Walker,Stout
748,Edward,Hewitt
752,Cameron,Osborne
756,Eaton,Gibson
768,Lewis,Baldwin
780,Zachary,Shields
784,Sebastian,Pace
788,Amery,Pruitt
792,Rajah,Carroll
795,Jakeem,Ryan
796,Dorian,Rodriguez
798,Abraham,Morse
800,Raja,Buchanan
804,Keegan,Payne
832,Steven,Glenn
833,Chase,Cash
834,Craig,Strong
840,Aristotle,Coffey
850,Vladimir,Fox
854,Axel,Parrish
858,Palmer,Strickland
860,Brandon,Jackson
862,Vance,Salazar
876,Driscoll,Crosby
798,Keane,Buckner
800,Alvin,Alford
804,Keane,Harrington
807,Jermaine,Nguyen
818,Zane,Terrell
826,Eaton,Scott
831,Stone,Sullivan
832,Louis,Malone
833,Keaton,Medina
834,Sawyer,Reese
840,Kaseem,Jefferson
850,Berk,Nelson
854,Cyrus,Singleton
795,Zane,Hull
796,Justin,Blackwell
798,Ahmed,Sims
800,Ray,Rhodes
150,Carmen,De Niro
804,Sean,Weber
807,Moses,Curtis
818,Gray,Lloyd
826,Keane,Sharpe
831,Kadeem,Nunez
832,Warren,Rich
833,Odysseus,Mccray
834,Tanek,Mitchell
840,Alvin,Mathews
850,Wang,Fox
854,Silas,Serrano
858,Odysseus,Cox
860,Gray,Chang
862,Vaughan,Vasquez
876,Darius,Simpson
858,Upton,Pollard
